Chart Title,Custom
Seconds,
0,
0.0204082,
0.0408163,
0.0612245,
0.0816327,
0.102041,
0.122449,
0.142857,
0.163265,
0.183673,
0.204082,
0.22449,
0.244898,
0.265306,
0.285714,
0.306122,
0.326531,
